{
    "center": [
        262.7777777777778,
        283.08888888888885
    ],
    "eyecenter": [
        -4.631111111111136,
        -29.497777777777763
    ],
    "eyekx": 36.336109008327,
    "eyeky": 15.766423357664237,
    "kx": 10.572687224669604,
    "ky": 5.211097708082026,
    "mouthopen": 949.3,
    "tiny": 0.8256253270085286,
    "omouth": 678.85,
    "pog": 1.3130167107392552,
    "smile": 0.9358213990338184,
    "smilearea": 699.85,
    "squint": 0.21120301261993846,
    "eclosed": 0.25902837489024116,
    "wide": 0.31599056496771083,
    "wink": 0.052980846619315417,
    "browraised": 9.907499999999999
}