{
    "center": [
        243,
        168
    ],
    "kx": 8.0,
    "ky": 6.486486486486487,
    "mopen": 689.0,
    "tiny": 0.8661705082751037,
    "resto": 255.75,
    "pog": 1.6071471266962312,
    "smile": 0.800987950912432,
    "squint": 0.22438146981539603,
    "eclosed": 0.14272934518833952,
    "wide": 0.3138722916647486,
    "wink": 0.08165212462705652,
    "browraised": 7.066666666666656
}