{
    "center": [
        248,
        165
    ],
    "kx": 8.571428571428571,
    "ky": 7.5,
    "mopen": 779.25,
    "tiny": 0.8406463545564656,
    "resto": 446.75,
    "pog": 1.361875341937398,
    "smile": 0.8586790310405612,
    "squint": 0.26355915951554665,
    "eclosed": 0.11569130026984135,
    "ewide": 0.31603406774372733,
    "wink": 0.14786785924570528,
    "browraised": 6.949999999999996
}